번호,이름,전화번호
1,김동주,010-1234-0001
2,이서연,010-1234-0002
3,박지호,010-1234-0003
4,최수아,010-1234-0004
5,정예준,010-1234-0005
6,강하은,010-1234-0006
7,조민서,010-1234-0007
8,윤도윤,010-1234-0008
9,장서윤,010-1234-0009
10,임시우,010-1234-0010
11,한지민,010-1234-0011
12,오현우,010-1234-0012
13,신유나,010-1234-0013
14,권태양,010-1234-0014
15,황서준,010-1234-0015
16,문채원,010-1234-0016
17,배준혁,010-1234-0017
18,류하린,010-1234-0018
19,송지안,010-1234-0019
20,전우진,010-1234-0020
21,홍예린,010-1234-0021
22,남도현,010-1234-0022
23,구서영,010-1234-0023
24,양시현,010-1234-0024
25,백하준,010-1234-0025
26,천수빈,010-1234-0026
27,노윤서,010-1234-0027
28,하지훈,010-1234-0028
29,곽민아,010-1234-0029
30,안재윤,010-1234-0030
